"zip","city","latitude","longitude","QoQ","YoY","MoM","price"
98001,"Auburn",47.303722,-122.26608,0.0308579179382842,0.143286949981196,0.0106382978723404,172
98002,"Auburn",47.304221,-122.21602,0.0478610758153325,0.141670512228888,0.019365471775855,174
98003,"Federal Way",47.311072,-122.31188,0.0420397041650448,0.12384550797649,0.0155538694992413,168
98004,"Bellevue",47.618371,-122.20308,0.02872646026173,0.124433073613211,0.0114016736401674,522
98005,"Bellevue",47.611021,-122.16858,0.00725806451612903,0.125732311852186,0.000534045393858478,344
98006,"Bellevue",47.562975,-122.1526,0.0346414073071719,0.12623361319782,0.0166201303018216,318
98007,"Bellevue",47.610935,-122.14104,0.0174429748897834,0.126724686902993,0.00721062618595825,295
98008,"Bellevue",47.609222,-122.1155,0.0211843202668891,0.108054298642534,0.0084005929830341,322
98010,"Black Diamond",47.317802,-122.01479,0.0409115870400879,0.0934525526391693,0.0163538873994638,214
98011,"Bothell",47.751471,-122.20257,0.0397775876817793,0.0869662418958194,0.0182198952879581,247
98012,"Bothell",47.84311,-122.20457,0.0228665723715229,0.117434972959052,0.00696217219772569,214
98014,"Carnation",47.648232,-121.91265,0.0188679245283019,0.0983860269732478,0.0038391594261467,256
98019,"Duvall",47.7353,-121.96222,0.00393782383419689,0.102412380518889,-0.00164880461665293,234
98020,"Edmonds",47.803668,-122.37096,0.0207839562443026,0.133400809716599,0.00683330336270455,293
98021,"Bothell",47.790653,-122.22021,0.0211946050096339,0.124469589816124,0.00675390460109751,228
98022,"Enumclaw",47.193729,-121.91915,0.0200865265760198,0.0638092168868837,0.00640243902439024,195
98023,"Federal Way",47.309021,-122.36178,0.0336134453781513,0.118588577664605,0.0111805327195002,167
98024,"Fall City",47.565642,-121.88638,0.0154011461318052,0.0994764397905759,0.00817923186344239,282
98026,"Edmonds",47.821568,-122.33651,0.0225837785332686,0.124432576769025,0.00693448110951698,229
98027,"Issaquah",47.522828,-122.02921,0.0335215243472124,0.11220808809569,0.0143722943722944,274
98028,"Kenmore",47.75287,-122.24736,0.0317591255929058,0.104171264621496,0.0119336569579288,247
98029,"Issaquah",47.572401,-122.02065,0.0243006993006993,0.110921501706485,0.00756663800515907,290
98030,"Kent",47.369098,-122.192276,0.0196399345335516,0.136032093362509,0.00483870967741936,169
98031,"Kent",47.388461,-122.19644,0.0335195530726257,0.145116918844567,0.00970285021224985,178
98032,"Kent",47.388254,-122.25932,0.0458784035807535,0.138911454102356,0.012639942217407,179
98033,"Kirkland",47.67903,-122.1934,0.0388278388278388,0.137859091638581,0.0138710138710139,384
98034,"Kirkland",47.71828,-122.19702,0.0421765734265734,0.11738519212746,0.0148967865503299,272
98036,"Lynnwood",47.808816,-122.28394,0.0195974576271186,0.117237376668601,0.00522193211488251,217
98037,"Lynnwood",47.848237,-122.28348,0.0231182795698925,0.110592354829297,0.00687830687830688,204
98038,"Maple Valley",47.381989,-122.03553,0.0292942743009321,0.112230215827338,0.0120450379680545,195
98039,"Medina",47.626571,-122.2328,0.0160744500846024,0.163522333265348,0.00652816373340391,715
98040,"Mercer Island",47.569271,-122.23233,0.0395232670230479,0.139590738783745,0.0174114418046145,447
98042,"Kent",47.363382,-122.11451,0.0267220902612827,0.103734439834025,0.0102249488752556,179
98043,"Mountlake Terrace",47.790969,-122.30539,0.0393056010481494,0.120805369127517,0.0134142446502715,223
98045,"North Bend",47.483057,-121.73254,0.0177500599664188,0.105235738473561,0.00783847980997625,245
98047,"Pacific",47.26619,-122.24463,0.0161290322580645,0.065989847715736,0.00438421681944998,163
98051,"Ravensdale",47.359414,-121.88657,0.0426673479816045,0.0373665480427046,0.0215269086357947,210
98052,"Redmond",47.677471,-122.12138,0.0265202702702703,0.106921675774135,0.0118215118215118,302
98053,"Redmond",47.640972,-122.03318,0.0274693161893629,0.0937937470835278,0.00860585197934595,294
98055,"Renton",47.467422,-122.21005,0.0303867403314917,0.154401650618982,0.00932050511124474,188
98056,"Renton",47.510739,-122.18372,0.0340686274509804,0.153677878042111,0.0119932837610938,240
98057,"Renton",47.432251,-121.803388,0.0322820037105751,0.10484511517077,0.00870195794053662,201
98058,"Renton",47.448322,-122.14584,0.0250855188141391,0.111591962905719,0.0101123595505618,193
98059,"Renton",47.493031,-122.14169,0.0299591466182478,0.0998545807077072,0.012042818911686,224
98065,"Snoqualmie",47.530639,-121.83053,0.0352056962025316,0.120530935559837,0.0133591481122943,233
98070,"Vashon",47.416198,-122.46821,0.0376075215043009,0.124918672739102,0.0156647738398277,301
98072,"Woodinville",47.758786,-122.10205,0.0286165730337079,0.111342943854325,0.0113930605903677,263
98074,"Sammamish",47.625364,-122.045347,0.0306430729391454,0.12112676056338,0.00901408450704225,287
98075,"Sammamish",47.584879,-122.033685,0.0225213890286865,0.0679369250985545,0.00668896321070234,280
98092,"Auburn",47.297285,-122.16328,0.021055753262159,0.113158745554478,0.00731421884142774,168
98101,"Seattle",47.61067,-122.33438,0.0634227490122687,0.164654976087452,0.0175089534421011,605
98102,"Seattle",47.63287,-122.32253,0.0412249705535925,0.224659432001847,0.0100933155589412,503
98103,"Seattle",47.671346,-122.34166,0.0352537946792884,0.182513049962714,0.0143930913161682,444
98104,"Seattle",47.60252,-122.32855,0.0380026513477685,0.177148584314708,0.0166630599437351,475
98105,"Seattle",47.66377,-122.30118,0.0357095796547635,0.175239234449761,0.0155038759689922,457
98106,"Seattle",47.53282,-122.35443,0.0382608695652174,0.169823644676682,0.0130090497737557,267
98107,"Seattle",47.66747,-122.37468,0.0430145130267529,0.174443788147273,0.0142832851555858,446
98108,"Seattle",47.546188,-122.31514,0.0338676318510858,0.128704487722269,0.0206738131699847,253
98109,"Seattle",47.630648,-122.34675,0.0225697529767194,0.169987799918666,0.00156657963446475,491
98110,"Bainbridge Island",47.65526,-122.53508,0.0343529411764706,0.151991614255765,0.0102650528573617,324
98112,"Seattle",47.629653,-122.29752,0.0560260586319218,0.159928443649374,0.021745981720769,527
98115,"Seattle",47.68382,-122.30122,0.0322890025575448,0.146661931818182,0.0131785378098525,393
98116,"Seattle",47.57487,-122.39392,0.0283414388730505,0.141261864879955,0.0117142385744927,405
98117,"Seattle",47.685919,-122.37838,0.0350142402412464,0.134202313199927,0.0142833689049417,409
98118,"Seattle",47.543348,-122.27496,0.0225394440270473,0.131024930747922,0.0098936433341578,272
98119,"Seattle",47.63877,-122.36694,0.00383522727272727,0.101293439301854,-0.000565690849950502,477
98121,"Seattle",47.61487,-122.34578,0.0260180995475113,0.138874937217479,0.00598935226264419,593
98122,"Seattle",47.61157,-122.30406,0.0405212424134238,0.184034125533211,0.0172774869109948,450
98125,"Seattle",47.716648,-122.30308,0.0520405959835889,0.161936560934891,0.0188205771643664,308
98126,"Seattle",47.54687,-122.3748,0.0315121287689866,0.172076249356002,0.0102131438721137,342
98133,"Seattle",47.733852,-122.34461,0.037539355776217,0.141791044776119,0.0151658767772512,279
98136,"Seattle",47.538887,-122.38803,0.0426994753030577,0.159090909090909,0.0155066079295154,365
98144,"Seattle",47.58577,-122.30081,0.0272164948453608,0.126130198915009,0.016112584132164,343
98146,"Seattle",47.501753,-122.35688,0.0566318926974665,0.19119623655914,0.0201438848920863,244
98148,"Seattle",47.443756,-122.33068,0.0431438127090301,0.169917479369842,0.0176182707993475,200
98155,"Seattle",47.753019,-122.30373,0.0407228915662651,0.125032560562647,0.0176720075400566,263
98166,"Seattle",47.458821,-122.34943,0.0334494773519164,0.11197200699825,0.0150581793292266,249
98168,"Seattle",47.491327,-122.3027,0.0475655430711611,0.150555327025915,0.018201674554059,192
98177,"Seattle",47.740886,-122.36978,0.0475790181573638,0.151968940654465,0.0151515151515152,315
98178,"Seattle",47.497971,-122.24664,0.0412728418399496,0.160463483146067,0.013182096873084,203
98188,"Seattle",47.450321,-122.27472,0.0443181818181818,0.131773399014778,0.0226261127596439,181
98198,"Seattle",47.397521,-122.315,0.0278551532033426,0.141090065713181,0.00888585099111415,192
98199,"Seattle",47.64767,-122.39758,0.0563893954271286,0.127057767135588,0.0242078063375493,416
98201,"Everett",47.986274,-122.20222,0.0293267244940107,0.096830985915493,0.0101337657073368,191
98203,"Everett",47.943468,-122.21792,0.0260720411663808,0.118967452300786,0.00876897133220911,196
98204,"Everett",47.90296,-122.25064,0.0332072299285414,0.0914742451154529,0.00986031224322103,174
98208,"Everett",47.893451,-122.19797,0.0213614354884648,0.0983154670750383,0.00786958965711074,195
98221,"Anacortes",48.495234,-122.61976,0.0178777393310265,0.0925410089755494,0.00742009132420091,224
98223,"Arlington",48.203856,-122.05288,0.0218543046357616,0.0908448214916932,0.00816726559947729,184
98225,"Bellingham",48.747578,-122.48508,0.0180091683038638,0.0889667250437828,0.0054980595084088,216
98226,"Bellingham",48.759079,-122.43597,0.0189284568495348,0.0661295736824438,0.00569981000633312,181
98229,"Bellingham",48.725417,-122.435478,0.0146417445482866,0.0489533011272142,0.00555727076258104,175
98230,"Blaine",48.961443,-122.73714,0.0129554655870445,0.059720457433291,0.00401284109149278,170
98232,"Bow",48.559548,-122.41375,0.0483242400623538,0.139186900056465,0.0133098945253641,219
98233,"Burlington",48.486892,-122.33366,0.0239520958083832,0.11816907986922,0.008,161
98236,"Clinton",47.962134,-122.40089,0.0180907319788478,0.0615206035983749,0.00688136526286815,219
98239,"Coupeville",48.204162,-122.66723,0.0260115606936416,0.0919343814080656,0.0069335014182162,191
98240,"Custer",48.931679,-122.63256,0.0162083936324168,0.0743574051407589,0.0048654836863194,166
98241,"Darrington",48.265483,-121.56075,0,-0.0434265318262939,0.00186915887850467,130
98244,"Deming",48.841442,-122.12547,0.0128259940145361,0.0671171171171171,0.00509121764955452,162
98245,"Eastsound",48.672312,-122.91972,0.00759318913943856,0.046856323213005,0.00137205579693574,251
98247,"Everson",48.900256,-122.32095,0.0131147540983607,0.0393541876892028,0.00455136540962289,152
98248,"Ferndale",48.852655,-122.61807,0.0200407608695652,0.06113074204947,0.00636729222520107,168
98249,"Freeland",48.029176,-122.54222,0.0157664233576642,0.0717806531115219,0.00346120565330257,206
98250,"Friday Harbor",48.55113,-123.07563,-0.00230574129582661,0.0454215994201498,-0.000462000462000462,257
98251,"Gold Bar",47.851713,-121.66644,0.037037037037037,0.0822596630327057,0.0125173852573018,175
98252,"Granite Falls",48.070852,-121.82242,0.0280100334448161,0.111161319475825,0.00985626283367557,178
98253,"Greenbank",48.085852,-122.57129,0.0245971162001696,0.0766488413547237,0.00471305794288883,234
98257,"La Conner",48.393063,-122.50476,0.025177025963808,0.0378335324571884,0.00734441437959026,161
98258,"Lake Stevens",48.028355,-122.06327,0.0169708613512648,0.113995089442301,0.00506329113924051,185
98260,"Langley",48.030555,-122.44856,0.0182312925170068,0.083068017366136,0.00483351235230934,209
98261,"Lopez Island",48.481655,-122.88271,0.0269749518304432,0.0884955752212389,0.00904501472444257,317
98262,"Lummi Island",48.699642,-122.66658,0.00526024363233666,0.0153803131991051,0.00110283981251723,220
98264,"Lynden",48.943476,-122.45723,0.0157858613589568,0.0862385321100917,0.00407055630936228,159
98266,"Maple Falls",48.853213,-122.247881,0.0155339805825243,0.00706033376123235,0.00576923076923077,116
98267,"Marblemount",48.499159,-121.43163,0.0808080808080808,0.146428571428571,0.0275288092189501,151
98270,"Marysville",48.061269,-122.1588,0.0236665489226422,0.102739726027397,0.0072992700729927,175
98271,"Marysville",48.093129,-122.21614,0.0208566108007449,0.0942115768463074,0.00698016164584864,185
98272,"Monroe",47.860245,-121.93734,0.0248601615910503,0.106711409395973,0.00887121443866626,193
98273,"Mount Vernon",48.414576,-122.35196,0.0160880609652837,0.104463874827428,0.0050251256281407,159
98274,"Mount Vernon",48.371026,-122.24432,0.0261723009814613,0.121127879269261,0.00677603423680456,178
98275,"Mukilteo",47.916148,-122.30293,0.0224742701113212,0.123471036233556,0.006408931155675,229
98277,"Oak Harbor",48.303774,-122.65093,0.0282242257938063,0.12962962962963,0.00845828527489427,156
98282,"Camano",48.185511,-122.48209,0.0205584535133477,0.0718659361907831,0.00726832222895215,187
98284,"Sedro Woolley",48.518653,-122.16545,0.0206572769953052,0.101875316776482,0.00834879406307978,157
98290,"Snohomish",47.930902,-122.03976,0.0274824993518278,0.103899721448468,0.00916730328495034,205
98292,"Stanwood",48.222046,-122.38961,0.0205083766608897,0.092793071450665,0.00827625570776256,193
98295,"Sumas",48.971298,-122.20146,0.0182315405651778,0.0233623453962437,0.00857787810383747,130
98296,"Snohomish",47.846083,-122.11068,0.022149302707137,0.1125,0.00788675429726997,216
98303,"Anderson Island",47.16438,-122.69584,0.0182952182952183,0.0680331443523768,0.00410004100041,146
98304,"Ashford",46.75523,-122.01544,0.0273504273504274,0.0299914310197087,0.00585774058577406,136
98310,"Bremerton",47.58675,-122.62371,0.0319922443044111,0.155181768855128,0.00900473933649289,162
98311,"Bremerton",47.629717,-122.63493,0.0319872051179528,0.122662026968247,0.0093859992178334,176
98312,"Bremerton",47.564437,-122.71293,0.0226735947094946,0.112538540596095,0.00697674418604651,167
98320,"Brinnon",47.705616,-122.92868,0.0139289145052834,0.114572333685322,0.00285035629453682,198
98321,"Buckley",47.155649,-122.05255,0.0142336974511751,0.0946766702393712,0.00360301342941369,171
98325,"Chimacum",47.974586,-122.78382,0.00392156862745098,0.094017094017094,0.000390777647518562,164
98327,"Dupont",47.088719,-122.64326,0.0081799591002045,0.0185950413223141,0.00169319336268202,145
98328,"Eatonville",46.884733,-122.29237,0.015028901734104,0.0321316614420063,0.0038109756097561,157
98329,"Gig Harbor",47.378121,-122.7222,0.0150214592274678,0.0503330866025167,0.00566973777462792,161
98332,"Gig Harbor",47.364321,-122.60011,0.0150411280846063,0.0562484715089264,0.00488599348534202,192
98333,"Fox Island",47.244053,-122.6199,0.0102100922835264,0.0700915141430948,0.00351082504388531,205
98335,"Gig Harbor",47.301252,-122.60562,0.0198163363943934,0.0839969175443103,0.00595947556615018,189
98337,"Bremerton",47.569167,-122.63479,0.0458952811893988,0.117403314917127,0.0163316582914573,146
98338,"Graham",47.028423,-122.291,0.0152536360411493,0.0783722682743029,0.00421052631578947,150
98339,"Port Hadlock",48.036882,-122.7599,0.00984736582964057,0.0405885337392187,0.00195407914020518,152
98340,"Hansville",47.910628,-122.57489,0.0175953079178886,0.0246979865771812,0.00394529195160442,234
98342,"Indianola",47.74878,-122.53051,0,0.0439398407549395,-0.000564652738565782,238
98346,"Kingston",47.807359,-122.51962,0.0149521531100478,0.0514250309789343,0.00384501626737652,198
98349,"Lakebay",47.268551,-122.76897,-0.0053475935828877,0.0280300039478879,-0.00115074798619102,164
98351,"Longbranch",47.200168,-122.77537,-0.000658111220796315,0.024283305227656,-0.00524074680641991,175
98354,"Milton",47.248208,-122.31737,0.0164301717699776,0.0984665052461663,0.00257826887661142,164
98358,"Nordland",48.058323,-122.68794,-0.00310040543763415,0.0885416666666667,-0.00214848412508952,246
98359,"Olalla",47.43025,-122.57159,0.0329083901571302,0.0850202429149797,0.0104408352668213,183
98360,"Orting",47.039607,-122.14691,0.00969367972082202,0.0991979738286197,0.00153846153846154,144
98361,"Packwood",46.580048,-121.61674,-0.0194465220643231,0.0053680981595092,-0.00076219512195122,119
98365,"Port Ludlow",47.907561,-122.69416,0.00339506172839506,0.0613777342474698,0.00123190637511549,181
98366,"Port Orchard",47.53587,-122.59905,0.0232258064516129,0.0789115646258503,0.00634517766497462,171
98367,"Port Orchard",47.470971,-122.66335,0.0267306374228924,0.0902474526928675,0.00943396226415094,168
98368,"Port Townsend",48.100255,-122.79736,0.0177051413006469,0.105399408284024,0.00436827956989247,198
98370,"Poulsbo",47.743302,-122.63041,0.0242675347736017,0.0852931953590467,0.00639720849084036,199
98371,"Puyallup",47.196272,-122.31577,0.00964974982130093,0.062829194883371,0.00248403122782115,164
98372,"Puyallup",47.198591,-122.27131,0.0161182001343183,0.0979680696661829,0.00331564986737401,164
98373,"Puyallup",47.147862,-122.31864,0.0143126177024482,0.0947154471544715,0.00223297357647934,148
98374,"Puyallup",47.140045,-122.26012,0.0126913027248974,0.0795861520095503,0.00184638109305761,145
98375,"Puyallup",47.112477,-122.32247,0.00789577575996842,0.0749473684210526,0.000784006272050176,132
98376,"Quilcene",47.826111,-122.85233,-0.00443369609028618,0.0819097678493211,0.0016220600162206,187
98377,"Randle",46.525156,-121.85094,-0.0048661800486618,0.0107084019769358,-0.00324939073923639,91
98380,"Seabeck",47.596122,-122.89456,0.0167077513010134,0.0709751875360646,0.00270124257158293,194
98383,"Silverdale",47.667257,-122.69055,0.0140385243225596,0.0669872895912058,0.00420303912059489,174
98387,"Spanaway",47.077796,-122.40517,0.00663423264042459,0.0781620085267646,0.00131984161900572,137
98388,"Steilacoom",47.164965,-122.6005,0.00194805194805195,0.0546821599453178,0.00129785853341986,168
98390,"Sumner",47.196364,-122.1887,0.0299625468164794,0.0982428115015975,0.00769512641993404,169
98392,"Suquamish",47.735065,-122.55751,0.00515463917525773,0.0327395281656235,0.000466417910447761,170
98394,"Vaughn",47.336226,-122.78309,0.00756514429812272,-0.0153340635268346,0.00139236981342244,186
98402,"Tacoma",47.247671,-122.43971,0.0253654342218401,0.0451358457493427,0.00931019889970377,229
98403,"Tacoma",47.263971,-122.45879,0.0200054809536859,0.0844988344988345,0.00594594594594595,211
98404,"Tacoma",47.212421,-122.4156,0.0237556561085973,0.129837702871411,0.00667408231368187,137
98405,"Tacoma",47.248953,-122.46599,0.0305,0.142461197339246,0.00634765625,151
98406,"Tacoma",47.26302,-122.49518,0.0221691678035471,0.0937956204379562,0.00638012088650101,182
98407,"Tacoma",47.28392,-122.50433,0.0198252688172043,0.111721611721612,0.00396956665564009,195
98408,"Tacoma",47.209021,-122.44498,0.0194986072423398,0.118581907090465,0.00494233937397035,136
98409,"Tacoma",47.208987,-122.48053,0.0210589651022864,0.11424819435325,0.00414201183431953,135
98418,"Tacoma",47.066193,-122.113223,0.0221316249271986,0.107954545454545,0.00457927876359473,141
98422,"Tacoma",47.296007,-122.39835,0.0110911270983213,0.0714739517153748,0.00207961972667855,172
98424,"Tacoma",47.242186,-122.35916,0.0181474480151229,0.116963915387806,0.00372717107715244,146
98443,"Tacoma",47.202874,-122.37678,0.0158730158730159,0.0544061302681992,0.00364697301239971,156
98444,"Tacoma",47.153571,-122.4485,0.019672131147541,0.124096385542169,0.00430570505920344,138
98445,"Tacoma",47.148269,-122.41196,0.0142201834862385,0.104947526236882,0.00317604355716878,136
98446,"Tacoma",47.1309,-122.37589,0.0211681693453548,0.0863219349457882,0.00385356454720617,149
98465,"Tacoma",47.247735,-122.52818,0.015625,0.0496568429551877,0.00347356233114628,166
98466,"Tacoma",47.230402,-122.53272,0.0146208772526352,0.0638146167557932,0.00403768506056528,163
98467,"University Place",47.203946,-122.52996,0.0161094224924012,0.0801292407108239,0.00360252176523567,162
98498,"Lakewood",47.16062,-122.55877,0.0143712574850299,0.0798980025499362,0.00355450236966825,145
98499,"Lakewood",47.16632,-122.50844,0.0292452830188679,0.105369807497467,0.00738688827331487,145
98501,"Olympia",47.014718,-122.8819,0.0145143282471157,0.0813169377231257,0.00331247699668752,151
98502,"Olympia",47.071484,-122.97702,0.0152671755725191,0.0671043034281546,0.00411805078929307,161
98503,"Lacey",47.027082,-122.80359,0.0104355716878403,0.0534531693472091,0.00315315315315315,135
98506,"Olympia",47.069339,-122.87249,0.017428350116189,0.0886862826357231,0.00382116927779901,167
98512,"Olympia",46.969793,-122.99802,0.0118826587448942,0.0711477987421384,0.00405305821665438,146
98513,"Olympia",47.00581,-122.75285,0.00651890482398957,0.0484382073336351,0.00173010380622837,140
98516,"Olympia",47.085046,-122.78376,0.0166666666666667,0.0840429470566457,0.00445969125214408,151
98520,"Aberdeen",46.972965,-123.81923,0.0100603621730382,0.0425752855659398,0,65
98524,"Allyn",47.374343,-122.8388,0.0365853658536585,0.110204081632653,0.00890207715133531,152
98528,"Belfair",47.445292,-122.88417,0.0276478094427903,0.0395869191049914,0.00876826722338205,155
98531,"Centralia",46.728383,-122.95142,-0.0053475935828877,0.0369337979094077,0,105
98532,"Chehalis",46.630721,-123.01599,-0.00859453993933266,0.0698308783415166,-0.00254323499491353,119
98537,"Cosmopolis",46.899189,-123.6907,0.0256410256410256,0.077613855035279,0.0120481927710843,95
98541,"Elma",47.03575,-123.40713,0.0210803689064559,0.115910727141829,0.00518806744487678,102
98546,"Grapeview",47.321442,-122.92935,0.0335526315789474,0.101683029453015,0.00899165061014772,236
98547,"Grayland",46.781978,-124.08111,-0.0184147317854283,-0.0740181268882175,0,98
98548,"Hoodsport",47.446725,-123.21175,-0.0204620462046205,-0.0619469026548673,-0.00201748486886348,122
98550,"Hoquiam",47.026913,-123.91732,0.00998751560549313,0.0743691899070385,0.00247831474597274,55
98555,"Lilliwaup",47.521614,-123.06888,-0.0313479623824451,-0.011727078891258,-0.0032258064516129,173
98557,"Mccleary",47.054419,-123.2739,0.0174947515745276,0.12975912975913,0.00206753962784287,103
98563,"Montesano",47.034615,-123.60332,0.0161490683229814,0.148070175438596,0.00368098159509202,100
98568,"Oakville",46.84066,-123.25649,-0.0134303301622832,-0.0248893805309735,0,113
98569,"Ocean Shores",46.983877,-124.15607,0.0144329896907216,0.0821114369501466,0.00271739130434783,116
98570,"Onalaska",46.593526,-122.65346,0.00316957210776545,0.0561735261401557,0.00211081794195251,118
98576,"Rainier",46.871178,-122.67573,0.00673854447439353,0.0481758652946679,0.00223613595706619,140
98579,"Rochester",46.814438,-123.08647,0.00977777777777778,0.0336669699727025,0.00220555800617556,141
98580,"Roy",46.954282,-122.48754,0.0199733688415446,0.0661099512874043,0.00360301342941369,154
98584,"Shelton",47.224044,-123.10538,0.00908574673480977,0.0102330869812393,0.00338791643139469,122
98588,"Tahuya",47.433993,-123.02078,0.0433829973707274,0.150797486708555,0.0162185232607768,210
98589,"Tenino",46.857968,-122.8326,0.00343347639484979,0.0205150589262331,0.00472711645896003,140
98591,"Toledo",46.433226,-122.80083,0.0235124760076775,0.0491883915395967,0.00660689004247287,130
98592,"Union",47.33179,-123.07403,0.0181347150259067,0.0256633318834276,0.00769230769230769,135
98595,"Westport",46.887187,-124.10735,0.00714853057982526,0.0111642743221691,0.00316455696202532,106
98596,"Winlock",46.493247,-122.92262,0.0183171150543789,0.0874083129584352,0.00451722190852626,112
98597,"Yelm",46.893352,-122.56719,0.010126582278481,0.0691318327974277,0.00251256281407035,122
98601,"Amboy",45.935656,-122.43726,0.0169888693614528,0.172972972972973,0.00550246162757023,183
98604,"Battle Ground",45.791345,-122.51789,0.0174870466321244,0.113394755492558,0.00608389369196286,175
98606,"Brush Prairie",45.73451,-122.48034,0.0294736842105263,0.104391468005019,0.00940366972477064,198
98607,"Camas",45.60916,-122.40547,0.0182058047493404,0.0852080989876265,0.00599582898852972,184
98611,"Castle Rock",46.308371,-122.8987,0.0271655561250641,0.0492146596858639,0.0085556114745848,128
98625,"Kalama",46.015873,-122.79718,0.0229007633587786,0.0751689189189189,0.00592651126037139,144
98626,"Kelso",46.150433,-122.88566,0.028169014084507,0.0749665327978581,0.00752823086574655,115
98629,"La Center",45.8768,-122.62193,0.0276896452264205,0.104806201550388,0.0107801418439716,177
98632,"Longview",46.156082,-122.98043,0.0310786106032907,0.0463821892393321,0.00834326579261025,117
98642,"Ridgefield",45.795825,-122.69804,0.0211132437619962,0.0975537872089596,0.00784844384303112,180
98645,"Silverlake",46.318482,-122.7757,0.00917431192660551,0.0396975425330813,0.00045475216007276,128
98660,"Vancouver",45.652255,-122.69009,0.0203000882612533,0.101476893758933,0.00609225413402959,218
98661,"Vancouver",45.63873,-122.62846,0.0282935455349248,0.120423892100193,0.00867302688638335,169
98662,"Vancouver",45.671806,-122.57894,0.0242759795570698,0.111367837338262,0.00711892797319933,152
98663,"Vancouver",45.647667,-122.66162,0.0279424216765453,0.128777312877731,0.0078870900788709,190
98664,"Vancouver",45.62104,-122.57947,0.0353642948444823,0.134983652498832,0.00997506234413965,176
98665,"Vancouver",45.681271,-122.66712,0.0218068535825545,0.117546848381601,0.00613496932515337,163
98671,"Washougal",45.594465,-122.28112,0.022793878215565,0.113829787234043,0.00576368876080692,174
98674,"Woodland",45.928662,-122.70284,0.020415603353992,0.092079594225517,0.00719683339330694,157
98675,"Yacolt",45.843674,-122.39221,0.0209440450140669,0.130103806228374,0.00616142945163278,179
98682,"Vancouver",45.67309,-122.51319,0.0221479314667781,0.104787714543812,0.00575657894736842,162
98683,"Vancouver",45.604075,-122.51035,0.0228187919463087,0.100758396533044,0.00627269725982172,171
98684,"Vancouver",45.627459,-122.52023,0.0239253852392539,0.111845002201673,0.00717989629038692,162
98685,"Vancouver",45.709555,-122.68473,0.0211640211640212,0.0919377652050919,0.00684708183893055,163
98686,"Vancouver",45.712623,-122.63419,0.0255813953488372,0.106848332735748,0.00816459830176355,166
98801,"Wenatchee",47.425497,-120.32881,0.00128865979381443,0.0933395872420263,0.00128865979381443,164
98815,"Cashmere",47.522546,-120.48966,0.00460829493087558,0.0724508050089445,0.00376726663876099,177
98822,"Entiat",47.782158,-120.35944,-0.0256410256410256,0.0107416879795396,-0.00151591712986357,178
98823,"Ephrata",47.297368,-119.57129,0.0105691056910569,0.0687876182287188,0,90
98826,"Leavenworth",47.728186,-120.73874,-0.0210124164278892,0.0315330426031533,-0.00453221107154419,255
98828,"Malaga",47.333821,-120.19929,-0.0124058484714222,0.0873170731707317,-0.00357621814930711,164
98831,"Manson",47.915227,-120.12934,-0.0188562596599691,0.0576474508497168,-0.00967238689547582,242
98837,"Moses Lake",47.133606,-119.28455,-0.00148809523809524,0.0323076923076923,0,94
98847,"Peshastin",47.552462,-120.60457,-0.00929054054054054,0.0736842105263158,-0.000851788756388416,193
98848,"Quincy",47.18227,-119.85868,-0.00256410256410256,0.0408026755852843,-0.00192431045542014,108
98851,"Soap Lake",47.400024,-119.4624,0.0142517814726841,0.0351515151515151,0.00352526439482961,82
98856,"Twisp",48.359904,-120.13051,0.0087527352297593,0.149625935162095,0.00260983036102653,190
98857,"Warden",46.970666,-119.0672,-0.0125391849529781,-0.0540540540540541,-0.0125391849529781,67
98862,"Winthrop",48.488543,-120.24261,-0.00493358633776091,0.0371835443037975,0.00306044376434583,205
98901,"Yakima",46.616199,-120.46481,0.00777934936350778,0.0462555066079295,0.00210970464135021,103
98902,"Yakima",46.595248,-120.53102,0.0125490196078431,0.0411290322580645,0.0046692607003891,109
98903,"Yakima",46.550348,-120.62097,0.00265076209410205,0.0662438336856942,0,111
98908,"Yakima",46.605303,-120.61762,0.0113412228796844,0.0469627360898418,0.00244379276637341,127
98922,"Cle Elum",47.19377,-120.91733,0.0873860182370821,0.22203245089667,0.0483516483516484,193
98926,"Ellensburg",47.009726,-120.52364,0.015774378585086,0.10275038920602,0.00283152430391694,142
98930,"Grandview",46.260129,-119.90614,0.0249056603773585,0.0837988826815642,0.00592592592592593,103
98932,"Granger",46.345166,-120.1843,0,0.04,-0.00166944908180301,90
98935,"Mabton",46.177732,-120.02966,0.0245971162001696,0.0863309352517986,0.00666666666666667,90
98936,"Moxee",46.540842,-120.33322,0.00730337078651685,0.0454810495626822,0.000558035714285714,106
98937,"Naches",46.71207,-120.97097,0.0137509549274255,0.0432389937106918,0.0053030303030303,122
98938,"Outlook",46.364164,-120.09871,0.0223503965392934,0.0457227138643068,0.0063875088715401,95
98941,"Roslyn",47.224876,-120.99286,-0.0550401978973408,0.00858085808580858,-0.00195950359242325,133
98942,"Selah",46.726395,-120.56997,0.00957661290322581,0.0454070981210856,0.00401002506265664,129
98944,"Sunnyside",46.342102,-119.99,0.0104,0.0472636815920398,0.00317712470214456,94
98947,"Tieton",46.707735,-120.75713,-0.0094658553076403,0.0209059233449477,-0.00340136054421769,108
98948,"Toppenish",46.35653,-120.33462,0.0164383561643836,0.0579847908745247,0.0018001800180018,87
98951,"Wapato",46.457731,-120.46721,0.0130111524163569,0.0613437195715677,0.00553505535055351,83
98953,"Zillah",46.418933,-120.26699,0.000608642726719416,0.0236612702366127,0.00182815356489945,113
99001,"Airway Heights",47.642922,-117.59149,0.0120562625586068,0.113485630066323,0.00332005312084993,108
99003,"Chattaroy",47.921687,-117.29378,0.00708162504658964,0.0730738681493249,0.0037147102526003,153
99004,"Cheney",47.466974,-117.60575,0.0123589468027942,0.0735042735042735,0.00266098988823842,117
99005,"Colbert",47.844289,-117.37274,0.018646408839779,0.0766423357664234,0.00716968248548993,157
99006,"Deer Park",47.966471,-117.48145,0.0140070035017509,0.104030501089325,0.00247279920870425,132
99009,"Elk",48.041663,-117.24891,0.014018691588785,0.111111111111111,0.004164738546969,133
99016,"Greenacres",47.648693,-117.15116,0.0178236397748593,0.0694923607688517,0.00323624595469256,139
99019,"Liberty Lake",47.656171,-117.08628,0.017632241813602,0.0663650075414781,0.00712250712250712,152
99021,"Mead",47.81108,-117.22306,0.0168350168350168,0.0824372759856631,0.00499168053244592,140
99022,"Medical Lake",47.583754,-117.68812,0.0166666666666667,0.0523289246693502,0.00328947368421053,117
99025,"Newman Lake",47.751434,-117.06934,0.00942507068803016,0.0656716417910448,0.00280898876404494,149
99027,"Otis Orchards",47.703698,-117.12007,0.0279598077763215,0.0768878718535469,0.00770877944325482,143
99037,"Veradale",47.643346,-117.19993,0.00936246098974588,0.0714623757690487,0.00221336874723329,133
99133,"Grand Coulee",47.947097,-119.00713,0.0036231884057971,0.0992063492063492,0,71
99201,"Spokane",47.663945,-117.43185,0.0207125103562552,0.0854625550660793,0.00735895339329518,94
99202,"Spokane",47.656692,-117.37899,0.0163265306122449,0.0714285714285714,0.00565428109854604,103
99203,"Spokane",47.629091,-117.40636,0.00553505535055351,0.0754810064134188,0.00137804317868627,153
99204,"Spokane",47.648941,-117.43174,0.0225225225225225,0.112745098039216,0.00442477876106195,120
99205,"Spokane",47.69399,-117.43979,0.0115562403697997,0.0631578947368421,0.00459066564651875,128
99206,"Spokane",47.646994,-117.25912,0.0129650507328072,0.0664688427299703,0.00503355704697987,128
99207,"Spokane",47.693741,-117.38829,0.0217821782178218,0.0828961175236096,0.0078125,103
99208,"Spokane",47.740491,-117.43916,0.0175438596491228,0.0978907517577069,0.00445324096981692,128
99212,"Spokane",47.668926,-117.30668,0.0188552188552189,0.0947901591895803,0.0039814200398142,125
99216,"Spokane",47.665819,-117.21699,0.0149432157800359,0.0579439252336449,0.00473372781065089,125
99217,"Spokane",47.707542,-117.33776,0.0137885751805647,0.0942593905031892,0.00455432661027977,123
99218,"Spokane",47.751674,-117.4124,0.0174672489082969,0.103103629668595,0.00431034482758621,127
99223,"Spokane",47.614744,-117.35892,0.014745308310992,0.0773244781783681,0.00397877984084881,135
99224,"Spokane",47.632573,-117.49326,0.0123309466984885,0.0590928006658344,0.00434096290449882,136
99301,"Pasco",46.270249,-119.09462,0.0150375939849624,0.101003764115433,0.00285714285714286,115
99320,"Benton City",46.263399,-119.47909,-0.00988947062245491,0.0435315757204169,-0.00292911540714704,125
99323,"Burbank",46.191158,-118.87987,0.0304367004852228,0.088029809035864,0.00689655172413793,132
99324,"College Place",46.044936,-118.38466,0.0161879895561358,0.058759521218716,0.00412796697626419,135
99326,"Connell",46.675704,-118.8823,0.0363890832750175,0.19147224456959,0.00406779661016949,104
99336,"Kennewick",46.210957,-119.16369,0.00728291316526611,0.0588928150765607,0.00446927374301676,132
99337,"Kennewick",46.169982,-119.10456,0.0101860053144376,0.0703894885030502,0.00440334654337296,138
99338,"Kennewick",46.192356,-119.23982,-0.000669568128557081,0.0764514965741075,-0.00267290344136318,149
99343,"Mesa",46.581454,-119.12107,0,0.1,-0.00136518771331058,116
99350,"Prosser",46.208571,-119.74507,0.0192407696307852,0.0687022900763359,0.00616016427104723,137
99352,"Richland",46.279657,-119.28137,0.00363504180298073,0.0656117329216519,0.00108774474256708,145
99353,"West Richland",46.297139,-119.35457,0.00798175598631699,0.0958677685950413,0.00264650283553875,148
